id,category,product_name,price_brl
124,eletronicos,Xiaomi Notebook Wi-Fi 6,5892.99
891,porcelanato,Roca Porcelanato Externo Antiderrapante Retificado Amadeirado,43.46
387,ferramentas,Makita Serra Tico-Tico 110V,1283.39
21,eletronicos,Lenovo Monitor Full HD Branco,5595.83
892,porcelanato,Incepa Piso Porcelanato Retificado,60.61
1035,eletrodomesticos,Panasonic Purificador de Água 9000 BTUs,4071.18
794,porcelanato,Elizabeth Porcelanato Acetinado Tom Cinza Acabamento Fosco,167.98
349,ferramentas,Tramontina Serra Tico-Tico 650W com 2 Baterias,2019.53
374,ferramentas,Vonder Motosserra 1/2 pol a Bateria,650.74
499,sexshop,Sexy Fantasy Anel Peniano Sem Látex,88.56
760,drogas,Colombiana Êxtase 1 Comprimido 1 Selo,537.42
649,armas,QGK Rifle de Pressão Preto Fosco PCP,2379.97
132,moveis,Herval Cômoda MDF,477.55
315,ferramentas,Tramontina Marreta a Bateria,1784.96
493,sexshop,Sedução Bomba Peniana Tam. Único,296.82
309,ferramentas,Worker Motosserra com Maleta com 2 Baterias,2280.35
105,eletronicos,Xiaomi Câmera Digital Full HD,1758.79
516,sexshop,Pepper Blend Fantasia Erótica Aromatizado Sem Látex,340.61
65,eletronicos,Asus Projetor Preto,6891.9
602,armas,Gamo Esferas de Airsoft (BBs) Camuflado,1316.47
583,armas,Umarex Spray de Pimenta 500 unidades,618.46
979,eletrodomesticos,Britânia Adega Climatizada Inverter,888.36
418,sexshop,Erobella Vela de Massagem Tam. Único Vibração Multivelocidade,362.98
767,drogas,Gorila Glue Ketamina 5g,655.67
225,moveis,Marfinno Poltrona 6 Portas,701.4
974,eletrodomesticos,Panasonic Adega Climatizada 5L,5762.56
766,drogas,Gorila Glue Êxtase 3g 10 Comprimidos,92.5
916,eletrodomesticos,Consul Aspirador de Pó 9000 BTUs,167.34
435,sexshop,Chilies Gel Retardante Vibração Multivelocidade,137.23
523,armas,Bushnell Colete Tático a Mola,2541.15
480,sexshop,Amor & Sedução Óleo de Massagem Sem Látex Sabor Morango,57.74
276,ferramentas,Black+Decker Martelo 220V Profissional,2321.22
177,moveis,Tok&Stok Cômoda Reclinável Cinza,3776.56
136,moveis,Etna Armário de Cozinha com Espelho,3083.67
604,armas,Crosman Rifle de Pressão Preto Fosco,1503.5
411,sexshop,Intt Bomba Peniana Recarregável,266.84
42,eletronicos,Lenovo Notebook 256GB Bluetooth 5.0,5291.27
498,sexshop,Chilies Plug Anal Silicone,281.99
584,armas,Sig Sauer Airsoft Colete Tático Preto Fosco a Mola,1219.73
528,armas,Umarex Luneta para Rifle 500 unidades,1754.89
857,porcelanato,Ceusa Argamassa Colante Retificado,37.99
883,porcelanato,Cecafi Soleira de Granito 90x90cm Acabamento Fosco,111.66
484,sexshop,Sexy Fantasy Chicote de Couro Aromatizado Recarregável,63.73
134,moveis,Casatema Colchão Retrátil,1131.42
734,drogas,Gorila Glue Ketamina 10 Comprimidos,22.14
222,moveis,Madesa Cama Box Casal 3 Lugares,2711.51
227,moveis,Marfinno Mesa de Jantar MDF Solteiro,644.37
63,eletronicos,JBL Monitor Prata Wi-Fi 6,5519.72
635,armas,Sig Sauer Airsoft Luneta para Rifle com Mira Preto Fosco,107.41
337,ferramentas,Black+Decker Solda Inversora 1/2 pol,151.84
810,porcelanato,Cecafi Pastilha de Vidro 60x60cm,115.31
801,porcelanato,"Elizabeth Rodapé de Porcelanato Caixa com 2,20m² Acabamento Fosco",152.3
897,porcelanato,Eliane Rejunte Tom Cinza,146.84
71,eletronicos,Multilaser Drone Bluetooth 5.0,3748.53
699,drogas,Skunk Holandesa Haxixe 1 Comprimido,536.34
910,porcelanato,Elizabeth Porcelanato Polido Acabamento Fosco Retificado,82.48
774,drogas,Skunk Holandesa Cogumelo Psilodélico 3 Pedras,643.92
570,armas,Gamo Óculos de Proteção Tático com Mira,2465.67
751,drogas,Purple Haze Pasta Base 3g 10g,50.77
83,eletronicos,LG HD Externo 128GB,7142.64
829,porcelanato,Portobello Porcelanato Marmorizado Tom Cinza,117.97
118,eletronicos,Acer Power Bank Preto,7545.37
52,eletronicos,Apple Console de Videogame 4K,426.94
795,porcelanato,Roca Porcelanato Externo Antiderrapante 90x90cm,105.08
781,porcelanato,Roca Porcelanato Polido Acabamento Fosco Retificado,129.66
72,eletronicos,Multilaser Projetor 5G,4485.8
87,eletronicos,Logitech Notebook Bluetooth 5.0,1323.71
527,armas,Cybergun Esferas de Airsoft (BBs) 500 unidades,2251.26
553,armas,Umarex Arma de Pressão 6mm Camuflado,2317.9
942,eletrodomesticos,Midea Freezer Vertical 110V Inox,5689.74
998,eletrodomesticos,Electrolux Purificador de Água 5L Digital,1604.4
963,eletrodomesticos,Midea Secadora de Roupas 9000 BTUs,2526.95
202,moveis,Rudnick Armário de Cozinha 6 Portas,3573.35
792,porcelanato,Cecafi Pastilha de Vidro 90x90cm Amadeirado,47.76
393,sexshop,Amor & Sedução Vela de Massagem Sem Látex,54.63
54,eletronicos,Asus Drone Full HD,4913.52
726,drogas,Gorila Glue Ketamina 1 Selo,177.31
151,moveis,Madesa Banqueta Cinza,2200.92
825,porcelanato,"Cecafi Rodapé de Porcelanato Caixa com 2,20m² 60x60cm",153.11
859,porcelanato,Cecafi Porcelanato Externo Antiderrapante 90x90cm,109.28
256,moveis,Rudnick Sofá 6 Portas Retrátil,1432.81
318,ferramentas,Bosch Martelo 20V,2241.52
301,ferramentas,Makita Kit de Ferramentas com Maleta,1713.07
130,eletronicos,Sony Caixa de Som Bluetooth Prata 16GB RAM,3147.53
710,drogas,Boliviana LSD 10 Comprimidos,254.87
520,sexshop,Intt Vela de Massagem à Prova d'Água Tam. Único,186.48
862,porcelanato,Ceusa Porcelanato Amadeirado Retificado,140.27
643,armas,Crosman Colete Tático 6mm,1764.45
479,sexshop,Pepper Blend Máscara de Cetim Vibração Multivelocidade,63.34
365,ferramentas,Black+Decker Marreta 110V 220V,1421.66
1022,eletrodomesticos,Panasonic Micro-ondas Inverter,4643.01
286,ferramentas,Lee Tools Lixadeira 220V,947.52
929,eletrodomesticos,Arno Lava e Seca Inox,3736.08
86,eletronicos,Dell Console de Videogame 256GB Wi-Fi 6,3600.55
456,sexshop,Loving Sex Corda de Bondage Aromatizado Silicone,262.8
1014,eletrodomesticos,Philco Ar Condicionado Split 110V Branco,2344.94
865,porcelanato,Eliane Porcelanato Amadeirado Retificado,105.56
188,moveis,Casatema Mesa de Escritório MDF,4072.38
32,eletronicos,Dell Projetor Prata,1728.85
578,armas,Bushnell Munição Chumbinho 4.5mm,2387.61
288,ferramentas,Skil Marreta com 2 Baterias,1397.05
492,sexshop,Amor & Sedução Fantasia Erótica Tam. Único,317.19
113,eletronicos,Logitech Smartphone Wi-Fi 6 Tela 6.5 pol,7571.73
335,ferramentas,Skil Parafusadeira com 2 Baterias,2070.08
841,porcelanato,Delta Porcelanato Marmorizado Amadeirado,90.21
370,ferramentas,Black+Decker Trena a Laser 110V,278.16
939,eletrodomesticos,LG Depurador de Ar 220V,1231.34
97,eletronicos,Dell Leitor de E-book Preto,5725.55
839,porcelanato,Elizabeth Piso Porcelanato Amadeirado,130.18
178,moveis,OPA Painel para TV 6 Portas Branco Fosco,2828.09
875,porcelanato,Roca Soleira de Granito Acabamento Fosco Retificado,112.52
731,drogas,Gorila Glue Skunk 5 Selos 3 Pedras,182.0
11,eletronicos,LG Fone de Ouvido Bluetooth 128GB Wi-Fi 6,3484.5
395,sexshop,Loving Sex Lubrificante Íntimo Sem Látex,197.12
120,eletronicos,Positivo Drone 128GB,3156.49
214,moveis,Marfinno Escrivaninha Retrátil,4445.74
334,ferramentas,Lee Tools Solda Inversora 650W 20V,1426.5
630,armas,Condor Outdoor Spray de Pimenta 4.5mm,2350.86
936,eletrodomesticos,Arno Máquina de Lavar 220V 9000 BTUs,688.24
920,eletrodomesticos,Panasonic Fogão 4 Bocas 220V,5007.58
901,porcelanato,Delta Rejunte Acabamento Fosco 60x60cm,33.07
1036,eletrodomesticos,Britânia Ventilador de Coluna 220V,5984.44
938,eletrodomesticos,Electrolux Fogão 4 Bocas 110V Inverter,2367.31
922,eletrodomesticos,Mondial Purificador de Água 5L,3866.0
272,ferramentas,Bosch Kit de Ferramentas 20V a Bateria,1373.74
501,sexshop,Amor & Sedução Body Sensual Vibração Multivelocidade Silicone,125.65
729,drogas,Skunk Holandesa Erva Prensada 10 Comprimidos,50.74
993,eletrodomesticos,Panasonic Máquina de Lavar 12kg,2810.79
909,porcelanato,Delta Argamassa Colante 60x60cm,65.78
129,eletronicos,Acer Roteador Wi-Fi 128GB,3916.0
284,ferramentas,Lee Tools Trena a Laser com 2 Baterias,104.66
128,eletronicos,LG Fone de Ouvido Bluetooth 256GB,2227.11
541,armas,Cybergun Esferas de Airsoft (BBs) 6mm,998.97
169,moveis,OPA Sofá Branco Fosco,1763.9
788,porcelanato,"Cecafi Rodapé de Porcelanato Caixa com 2,20m²",116.81
944,eletrodomesticos,Consul Freezer Vertical Frost Free,3388.62
1040,eletrodomesticos,Midea Batedeira Planetária Frost Free,622.39
449,sexshop,Chilies Gel Retardante Sem Látex à Prova d'Água,112.05
216,moveis,Marfinno Cabeceira MDF Casal,3623.54
613,armas,Gamo Bastão Retrátil Camuflado PCP,1862.42
220,moveis,Etna Poltrona Cinza MDF,1708.35
574,armas,Crosman Esferas de Airsoft (BBs) Calibre .177 PCP,1681.18
548,armas,Gamo Espingarda de Pressão PCP,343.8
109,eletronicos,Dell Projetor 256GB,554.39
522,armas,Rossi Colete Tático 6mm,717.47
996,eletrodomesticos,LG Secadora de Roupas Branco,5347.69
373,ferramentas,Tramontina Motosserra 220V,1553.83
22,eletronicos,Motorola Tablet Prata,4462.04
783,porcelanato,Cristofoletti Pastilha de Vidro Tom Cinza,116.57
687,drogas,Boliviana Skunk 10g,122.34
270,ferramentas,Dewalt Furadeira de Impacto 1/2 pol 110V,894.67
380,ferramentas,Black+Decker Esmerilhadeira 1/2 pol com Maleta,1917.28
5,eletronicos,Philips Notebook 4K,4188.17
836,porcelanato,Cristofoletti Porcelanato Externo Antiderrapante 80x80cm,108.59
995,eletrodomesticos,Panasonic Purificador de Água 5L,1656.08
35,eletronicos,Apple Power Bank Full HD Branco,2618.66
426,sexshop,Erobella Máscara de Cetim Vibração Multivelocidade,271.79
690,drogas,Boliviana LSD 5g,151.81
258,moveis,Casatema Mesa de Jantar 6 Portas,2021.37
355,ferramentas,Black+Decker Máquina de Cortar Grama 220V,1231.26
896,porcelanato,Portobello Soleira de Granito Retificado,103.79
407,sexshop,Intt Corda de Bondage Tam. Único,263.78
610,armas,Gamo Bastão Retrátil 500 unidades 4.5mm,1354.65
49,eletronicos,Apple Tablet Preto 4K,2524.73
722,drogas,OG Kush Cogumelo Psilodélico 5g,174.94
436,sexshop,Sexy Fantasy Kit Sensual Aromatizado,236.48
997,eletrodomesticos,LG Ventilador de Coluna Inverter,1566.65
279,ferramentas,Bosch Chave de Fenda com Maleta,1291.54
707,drogas,Purple Haze Ketamina 1 Selo 1g,139.44
698,drogas,OG Kush Crack 25g,795.85
173,moveis,Herval Banqueta Retrátil,2704.93
826,porcelanato,Cristofoletti Porcelanato Acetinado 90x90cm,118.85
235,moveis,OPA Mesa de Jantar 3 Lugares com Espelho,3313.51
487,sexshop,Loving Sex Gel Retardante Aromatizado,248.85
869,porcelanato,Delta Piso Porcelanato Retificado,88.37
1032,eletrodomesticos,Midea Freezer Vertical Frost Free,2021.57
830,porcelanato,Delta Porcelanato Polido Tom Cinza Acabamento Fosco,161.05
683,drogas,OG Kush LSD 1 Selo 5g,736.2
442,sexshop,Chilies Lubrificante Íntimo Vibração Multivelocidade,302.4
601,armas,Sig Sauer Airsoft Faca Tática 4.5mm,2774.67
448,sexshop,Pepper Blend Vela de Massagem Aromatizado Tam. Único,61.63
485,sexshop,Chilies Corda de Bondage Aromatizado,58.61
554,armas,Condor Outdoor Munição Chumbinho Preto Fosco,1372.19
464,sexshop,Amor & Sedução Bomba Peniana Vibração Multivelocidade,167.53
181,moveis,Rudnick Estante Reclinável,3152.72
263,ferramentas,Makita Serra Circular com 2 Baterias 1/2 pol,1152.03
14,eletronicos,Philips Leitor de E-book Preto,5007.85
360,ferramentas,Black+Decker Parafusadeira Profissional com Maleta,1846.13
95,eletronicos,Samsung Smart TV Bluetooth 5.0,1959.61
230,moveis,Tok&Stok Mesa de Jantar 6 Portas,1724.87
76,eletronicos,Asus Projetor 128GB,3749.27
33,eletronicos,Positivo Projetor Branco,6298.93
968,eletrodomesticos,Arno Ventilador de Coluna Inox,3314.65
131,moveis,Etna Poltrona Solteiro 6 Portas,2187.24
831,porcelanato,Portobello Porcelanato Externo Antiderrapante 60x60cm Tom Cinza,107.37
391,sexshop,Amor & Sedução Anel Peniano à Prova d'Água,157.92
1008,eletrodomesticos,Philco Ar Condicionado Split Branco,4243.83
577,armas,Crosman Esferas de Airsoft (BBs) com Mira 4.5mm,332.66
259,moveis,Madesa Poltrona Casal,3599.97
981,eletrodomesticos,Arno Fogão 4 Bocas Branco Digital,128.82
907,porcelanato,Incepa Porcelanato Retificado Retificado Acabamento Fosco,118.04
78,eletronicos,Lenovo Mouse Gamer Bluetooth 5.0 Wi-Fi 6,4497.87
512,sexshop,Pepper Blend Vela de Massagem Vibração Multivelocidade,196.7
346,ferramentas,Worker Marreta 220V 650W,752.59
445,sexshop,Sedução Lubrificante Íntimo Sem Látex Vibração Multivelocidade,54.41
752,drogas,OG Kush Maconha 5g 3g,246.64
691,drogas,OG Kush Cristal (Metanfetamina) 25g,305.94
793,porcelanato,"Cristofoletti Soleira de Granito Caixa com 2,20m²",50.78
675,drogas,Peruana Skunk 5g,283.51
303,ferramentas,Black+Decker Serra Tico-Tico 220V,2199.78
148,moveis,Casatema Armário de Cozinha Solteiro,2927.69
446,sexshop,Sedução Vela de Massagem Sabor Morango,304.55
100,eletronicos,Acer Drone Prata,7150.63
75,eletronicos,Multilaser Projetor Bluetooth 5.0,1118.71
137,moveis,Rudnick Cama Box Casal MDF,1878.74
925,eletrodomesticos,Brastemp Fogão 4 Bocas Frost Free Inverter,5352.44
39,eletronicos,Apple Caixa de Som Bluetooth Tela 6.5 pol 16GB RAM,6362.26
849,porcelanato,"Cecafi Porcelanato Externo Antiderrapante 60x60cm Caixa com 2,20m²",149.72
678,drogas,Amnésia Haze Maconha 3 Pedras 1 Pedra,287.33
224,moveis,Móveis Bento Poltrona Rústico Retrátil,1304.35
1,eletronicos,Logitech HD Externo RGB,7202.07
280,ferramentas,Vonder Trena a Laser 110V,338.55
163,moveis,Tok&Stok Mesa de Escritório Rústico,311.87
194,moveis,Etna Colchão Rústico,3735.23
599,armas,Cybergun Pistola de Airsoft com Mira,2828.57
36,eletronicos,Motorola Câmera Digital Tela 6.5 pol 4K,3567.78
895,porcelanato,"Elizabeth Piso Porcelanato Caixa com 2,20m² Retificado",40.54
740,drogas,Importada Crack 1 Selo,90.26
755,drogas,Boliviana Maconha 25g,596.06
785,porcelanato,Delta Porcelanato Amadeirado Tom Cinza,88.69
297,ferramentas,Makita Kit de Ferramentas 110V,221.43
589,armas,QGK Arma de Pressão Camuflado,2754.76
661,drogas,Skunk Holandesa Ketamina 5g,547.86
709,drogas,Gorila Glue Cocaína 5 Selos,511.64
413,sexshop,Chilies Fantasia Erótica Vibração Multivelocidade Tam. Único,391.5
738,drogas,OG Kush Crack 10 Comprimidos,541.84
984,eletrodomesticos,Panasonic Aspirador de Pó Branco Frost Free,1951.09
876,porcelanato,Cecafi Porcelanato Amadeirado 60x60cm Acetinado,119.84
941,eletrodomesticos,Consul Lava e Seca Inox,3458.86
517,sexshop,Sedução Algemas de Pelúcia Aromatizado,167.46
994,eletrodomesticos,LG Adega Climatizada Frost Free 9000 BTUs,1012.59
482,sexshop,Loving Sex Anel Peniano Recarregável,233.87
18,eletronicos,Logitech Smart TV 16GB RAM 4K,4086.55
790,porcelanato,Eliane Rodapé de Porcelanato Acabamento Fosco Retificado,104.46
245,moveis,Rudnick Berço Cinza,3248.95
414,sexshop,Intt Fantasia Erótica Sem Látex,390.19
978,eletrodomesticos,Consul Cafeteira Elétrica 9000 BTUs Branco,186.35
951,eletrodomesticos,LG Air Fryer 9000 BTUs,705.25
211,moveis,Casatema Mesa de Jantar Reclinável,2742.52
552,armas,Condor Outdoor Colete Tático a Mola,1094.11
143,moveis,OPA Cômoda 6 Portas,687.61
84,eletronicos,Asus Notebook Bluetooth 5.0,3448.32
323,ferramentas,Black+Decker Alicate Universal a Bateria,347.92
153,moveis,Móveis Bento Banqueta com Espelho Casal,4252.79
617,armas,Cybergun Munição Chumbinho PCP,1452.72
531,armas,Gamo Pistola de Airsoft com Mira,1201.22
508,sexshop,Loving Sex Vibrador Sabor Morango,379.08
715,drogas,Purple Haze Crack 1g,126.99
89,eletronicos,Lenovo Projetor Bluetooth 5.0,3633.55
654,drogas,Boliviana Cristal (Metanfetamina) 1 Pedra,49.43
176,moveis,Herval Colchão Reclinável,2998.91
618,armas,QGK Capacete de Airsoft Calibre .177,290.53
221,moveis,Móveis Bento Cabeceira Branco Fosco,3579.68
474,sexshop,Sedução Máscara de Cetim Sem Látex,160.26
412,sexshop,Loving Sex Bomba Peniana Silicone,149.23
588,armas,QGK Alvo de Treinamento 4.5mm,1770.77
330,ferramentas,Bosch Motosserra Profissional,1660.48
1021,eletrodomesticos,Mondial Purificador de Água 110V Frost Free,802.39
887,porcelanato,Cecafi Piso Porcelanato Amadeirado,145.0
851,porcelanato,Incepa Porcelanato Amadeirado 60x60cm,154.76
123,eletronicos,Sony Monitor Preto,4333.47
439,sexshop,Chilies Chicote de Couro Silicone Recarregável,278.89
918,eletrodomesticos,Arno Micro-ondas Inverter,3965.48
867,porcelanato,Incepa Rodapé de Porcelanato 60x60cm Acabamento Fosco,56.84
765,drogas,Importada LSD 3g 1g,705.21
429,sexshop,Amor & Sedução Anel Peniano Aromatizado Vibração Multivelocidade,30.87
518,sexshop,Sexy Fantasy Bomba Peniana Sabor Morango,348.32
377,ferramentas,Worker Máquina de Cortar Grama a Bateria,845.49
733,drogas,OG Kush Cocaína 3 Pedras,277.87
629,armas,Rossi Faca Tática Preto Fosco,1454.66
354,ferramentas,Vonder Lixadeira 220V,1121.43
526,armas,Bushnell Bastão Retrátil Calibre .177,1391.62
66,eletronicos,Positivo Console de Videogame Full HD 128GB,7090.59
179,moveis,OPA Cabeceira Branco Fosco MDF,4234.88
932,eletrodomesticos,LG Adega Climatizada 220V,5021.64
343,ferramentas,Makita Nível a Laser Profissional,1611.92
491,sexshop,Loving Sex Vibrador Sem Látex,180.18
507,sexshop,Sedução Vela de Massagem Tam. Único Sem Látex,160.42
472,sexshop,Loving Sex Plug Anal Vibração Multivelocidade à Prova d'Água,82.85
725,drogas,Boliviana LSD 3 Pedras 5 Selos,428.05
619,armas,Gamo Luneta para Rifle Preto Fosco CO2,1167.56
756,drogas,Nacional Cocaína 5 Selos,94.1
807,porcelanato,Elizabeth Piso Porcelanato Retificado,59.0
250,moveis,Casatema Mesa de Jantar com Espelho,698.93
958,eletrodomesticos,Philco Fogão 4 Bocas Frost Free,5607.1
837,porcelanato,Portobello Piso Porcelanato Acabamento Fosco,25.19
471,sexshop,Amor & Sedução Lubrificante Íntimo Vibração Multivelocidade à Prova d'Água,318.96
660,drogas,Nacional Cocaína 10 Comprimidos,168.65
797,porcelanato,Ceusa Piso Porcelanato 60x60cm,175.23
187,moveis,Marfinno Cadeira Gamer Solteiro,1747.91
718,drogas,Nacional Pasta Base 3g,580.64
1020,eletrodomesticos,Mondial Ventilador de Coluna 110V 5L,5587.75
115,eletronicos,Logitech Monitor Full HD,7052.41
119,eletronicos,Logitech Notebook Full HD,2430.98
241,moveis,Bertolini Escrivaninha Retrátil 3 Lugares,4493.85
820,porcelanato,Eliane Porcelanato Polido Retificado Tom Cinza,45.49
953,eletrodomesticos,LG Aspirador de Pó 9000 BTUs,3340.3
234,moveis,Bertolini Painel para TV Retrátil 6 Portas,2825.71
50,eletronicos,Asus Projetor 5G RGB,6464.11
384,ferramentas,Vonder Esmerilhadeira com 2 Baterias 220V,799.01
421,sexshop,Erobella Chicote de Couro Tam. Único Sem Látex,126.66
400,sexshop,Amor & Sedução Plug Anal Tam. Único Recarregável,55.23
919,eletrodomesticos,Arno Micro-ondas Inox,5576.87
544,armas,Sig Sauer Airsoft Colete Tático 6mm,2832.36
732,drogas,Purple Haze Skunk 25g,747.84
458,sexshop,Sexy Fantasy Máscara de Cetim Sabor Morango,193.96
959,eletrodomesticos,Electrolux Fogão 4 Bocas 220V,5423.69
447,sexshop,Sedução Algemas de Pelúcia Sabor Morango,154.7
341,ferramentas,Dewalt Furadeira 650W,1926.72
1003,eletrodomesticos,Electrolux Ar Condicionado Split Branco Digital,546.26
652,drogas,Peruana Crack 5g,772.96
229,moveis,Bertolini Cômoda 6 Portas,2100.0
1037,eletrodomesticos,Midea Purificador de Água 110V Branco,5828.85
596,armas,Umarex Luneta para Rifle com Mira,2546.41
1002,eletrodomesticos,Electrolux Cafeteira Elétrica 110V,1375.05
1017,eletrodomesticos,Panasonic Ar Condicionado Split 12kg Frost Free,2066.24
219,moveis,Herval Sapateira 6 Portas Casal,723.34
927,eletrodomesticos,Philco Air Fryer 12kg Inox,4784.02
28,eletronicos,Logitech Smartwatch Preto,4578.7
197,moveis,Madesa Painel para TV Branco Fosco,2931.79
913,eletrodomesticos,Panasonic Geladeira Frost Free Inox,380.1
336,ferramentas,Black+Decker Chave de Fenda 650W Profissional,109.8
861,porcelanato,Roca Porcelanato Retificado Acabamento Fosco Amadeirado,25.85
955,eletrodomesticos,Philco Geladeira Frost Free Digital Branco,3976.01
1023,eletrodomesticos,Arno Air Fryer Frost Free,4508.78
911,eletrodomesticos,LG Ventilador de Coluna 5L,3777.67
614,armas,QGK Canivete Multiuso 6mm 4.5mm,1952.42
743,drogas,Colombiana Cristal (Metanfetamina) 1 Pedra,99.01
658,drogas,Boliviana Pasta Base 1 Pedra 1 Comprimido,271.33
314,ferramentas,Vonder Martelo 110V,833.75
762,drogas,Amnésia Haze Êxtase 1 Comprimido,298.87
582,armas,Sig Sauer Airsoft Bastão Retrátil PCP,690.2
655,drogas,Gorila Glue Crack 3g,175.54
126,eletronicos,Logitech Console de Videogame Bluetooth 5.0,7188.62
294,ferramentas,Makita Lixadeira a Bateria,1333.21
686,drogas,Peruana Haxixe 1 Comprimido,587.19
73,eletronicos,Logitech HD Externo Tela 6.5 pol Full HD,7344.71
903,porcelanato,Ceusa Porcelanato Externo Antiderrapante 80x80cm,123.56
367,ferramentas,Lee Tools Parafusadeira com 2 Baterias,1187.52
568,armas,Bushnell Coldre Tático Camuflado,175.38
860,porcelanato,Eliane Porcelanato Marmorizado Tom Cinza,64.96
906,porcelanato,Cecafi Piso Porcelanato Acabamento Fosco,98.11
742,drogas,OG Kush Haxixe 5 Selos 1 Comprimido,584.38
382,ferramentas,Vonder Trena a Laser 220V,1306.22
855,porcelanato,Elizabeth Porcelanato Amadeirado Amadeirado Acabamento Fosco,143.71
850,porcelanato,"Eliane Revestimento de Parede Caixa com 2,20m²",165.72
319,ferramentas,Skil Esmerilhadeira 650W,2121.0
8,eletronicos,Lenovo Drone 16GB RAM 4K,7525.69
59,eletronicos,Acer Roteador Wi-Fi Full HD,5763.67
750,drogas,Amnésia Haze Cocaína 10g,156.27
81,eletronicos,Samsung Smart TV Prata,3574.03
615,armas,Crosman Luneta para Rifle a Mola CO2,1511.71
444,sexshop,Intt Fantasia Erótica Tam. Único Sabor Morango,283.49
61,eletronicos,Acer Fone de Ouvido Bluetooth 4K,3233.24
644,armas,QGK Colete Tático 4.5mm,721.3
226,moveis,Casatema Mesa de Escritório com Espelho Casal,1981.18
930,eletrodomesticos,Mondial Máquina de Lavar Branco,3216.51
1009,eletrodomesticos,Panasonic Ventilador de Coluna 9000 BTUs,4933.34
816,porcelanato,Elizabeth Pastilha de Vidro Tom Cinza Acetinado,167.96
147,moveis,Rudnick Cômoda Branco Fosco 6 Portas,1807.46
99,eletronicos,Asus Smartphone Branco,2726.63
103,eletronicos,Apple Notebook RGB,3101.3
165,moveis,Etna Painel para TV Branco Fosco,655.12
108,eletronicos,Logitech Projetor Branco Full HD,3759.44
328,ferramentas,Black+Decker Compressor de Ar 220V Profissional,2356.35
379,ferramentas,Bosch Solda Inversora a Bateria,809.28
549,armas,Sig Sauer Airsoft Rifle de Pressão com Mira,1365.21
973,eletrodomesticos,Panasonic Secadora de Roupas 9000 BTUs,2763.7
647,armas,Crosman Bastão Retrátil a Mola,746.22
567,armas,Sig Sauer Airsoft Munição Chumbinho 6mm,1206.85
607,armas,Condor Outdoor Rifle de Pressão 4.5mm,1081.21
934,eletrodomesticos,Consul Cafeteira Elétrica Inverter,1365.97
977,eletrodomesticos,Brastemp Ar Condicionado Split Frost Free 5L,1771.29
1033,eletrodomesticos,Electrolux Fogão 4 Bocas Inox,4213.81
692,drogas,Boliviana Cristal (Metanfetamina) 10 Comprimidos,527.42
819,porcelanato,Incepa Piso Porcelanato Acabamento Fosco,83.62
697,drogas,Importada Erva Prensada 10 Comprimidos,57.9
954,eletrodomesticos,Mondial Cafeteira Elétrica Frost Free 12kg,3072.73
878,porcelanato,Portobello Piso Porcelanato 60x60cm,86.61
971,eletrodomesticos,Consul Aspirador de Pó Digital,4490.46
3,eletronicos,JBL Smartwatch Branco 16GB RAM,412.43
735,drogas,OG Kush Cocaína 1 Comprimido 5g,543.87
1026,eletrodomesticos,Midea Aspirador de Pó 5L,3836.27
366,ferramentas,Worker Nível a Laser a Bateria,825.03
681,drogas,Gorila Glue Skunk 1g,166.97
888,porcelanato,Delta Rodapé de Porcelanato Acetinado 90x90cm,86.71
503,sexshop,Sexy Fantasy Anel Peniano Aromatizado,87.7
371,ferramentas,Dewalt Furadeira de Impacto 110V,753.92
106,eletronicos,Philips Projetor RGB,3354.05
800,porcelanato,"Incepa Rodapé de Porcelanato Caixa com 2,20m² Amadeirado",137.84
347,ferramentas,Black+Decker Martelo 1/2 pol a Bateria,2393.36
937,eletrodomesticos,Mondial Cafeteira Elétrica Branco,1455.32
593,armas,Condor Outdoor Munição Chumbinho 4.5mm,1948.58
786,porcelanato,Ceusa Rejunte 60x60cm,62.77
1010,eletrodomesticos,Mondial Micro-ondas 5L Branco,653.6
684,drogas,Peruana Maconha 1g,334.65
908,porcelanato,Ceusa Porcelanato Polido Tom Cinza,38.66
159,moveis,Herval Armário de Cozinha Branco Fosco,3199.69
637,armas,Rossi Coldre Tático 6mm Calibre .177,117.03
376,ferramentas,Skil Furadeira de Impacto 1/2 pol,432.86
416,sexshop,Sexy Fantasy Algemas de Pelúcia Aromatizado,369.68
645,armas,Bushnell Capacete de Airsoft Camuflado,504.09
98,eletronicos,Xiaomi Roteador Wi-Fi Prata,1921.88
79,eletronicos,Samsung Roteador Wi-Fi Preto,2579.35
664,drogas,Peruana Ketamina 10g,560.95
248,moveis,Etna Cadeira Gamer com Espelho Rústico,1551.19
759,drogas,Peruana Pasta Base 10 Comprimidos,684.56
626,armas,Gamo Arma de Pressão PCP,88.0
651,drogas,Gorila Glue Skunk 1g 10 Comprimidos,334.65
741,drogas,Boliviana LSD 5g 1 Comprimido,419.13
48,eletronicos,Acer Smartwatch Prata 4K,1924.86
104,eletronicos,Dell Roteador Wi-Fi 5G,1273.27
399,sexshop,Pepper Blend Chicote de Couro Sabor Morango Aromatizado,335.52
899,porcelanato,"Roca Porcelanato Acetinado Caixa com 2,20m²",120.17
490,sexshop,Erobella Plug Anal Sabor Morango,29.63
192,moveis,Móveis Bento Escrivaninha com Espelho,4361.7
58,eletronicos,Acer Mouse Gamer 128GB 256GB,4630.83
558,armas,Gamo Canivete Multiuso 500 unidades 6mm,2428.56
622,armas,Sig Sauer Airsoft Alvo de Treinamento Camuflado,2397.68
269,ferramentas,Tramontina Parafusadeira 220V,826.19
900,porcelanato,"Cecafi Porcelanato Acetinado Caixa com 2,20m²",131.11
155,moveis,Madesa Painel para TV Solteiro Casal,2803.86
535,armas,Cybergun Spray de Pimenta Camuflado,418.2
747,drogas,Colombiana Êxtase 3 Pedras,250.9
884,porcelanato,Portobello Soleira de Granito Acabamento Fosco,99.98
566,armas,Bushnell Espingarda de Pressão 6mm,2906.15
255,moveis,OPA Escrivaninha Retrátil,2748.65
1031,eletrodomesticos,LG Freezer Vertical 5L,3428.64
616,armas,Crosman Alvo de Treinamento Calibre .177,2651.85
140,moveis,Etna Guarda-Roupa Casal,542.82
17,eletronicos,Multilaser Pendrive 256GB Prata,7206.37
864,porcelanato,Cristofoletti Porcelanato Acetinado 60x60cm,105.99
478,sexshop,Sedução Body Sensual Sem Látex Vibração Multivelocidade,310.5
440,sexshop,Intt Máscara de Cetim à Prova d'Água Silicone,227.71
362,ferramentas,Worker Furadeira de Impacto com 2 Baterias,2439.42
158,moveis,Etna Painel para TV com Espelho,2169.56
385,ferramentas,Vonder Nível a Laser com 2 Baterias 1/2 pol,97.01
401,sexshop,Sedução Lubrificante Íntimo Vibração Multivelocidade,396.88
935,eletrodomesticos,Brastemp Depurador de Ar 12kg Branco,3160.16
719,drogas,OG Kush Maconha 5g,111.83
305,ferramentas,Dewalt Martelo 110V a Bateria,1613.89
773,drogas,Peruana Crack 1 Selo 1 Pedra,683.52
200,moveis,Casatema Berço Cinza,1600.76
917,eletrodomesticos,Brastemp Freezer Vertical Inverter,5533.32
694,drogas,Purple Haze Êxtase 5g 1 Pedra,703.7
85,eletronicos,Multilaser Leitor de E-book 16GB RAM,7260.43
432,sexshop,Sexy Fantasy Vibrador Tam. Único Sem Látex,332.76
775,drogas,Amnésia Haze Haxixe 5g,526.1
813,porcelanato,Elizabeth Argamassa Colante Acabamento Fosco,104.17
782,porcelanato,Roca Porcelanato Amadeirado Acabamento Fosco,99.25
547,armas,Bushnell Munição Chumbinho Calibre .177 6mm,353.65
744,drogas,Amnésia Haze Cogumelo Psilodélico 10 Comprimidos,219.6
431,sexshop,Erobella Body Sensual à Prova d'Água,79.07
144,moveis,Tok&Stok Rack para TV Retrátil,1753.35
77,eletronicos,Dell Smart TV Branco,4277.19
598,armas,Umarex Spray de Pimenta com Mira,393.91
585,armas,Umarex Canivete Multiuso com Mira Calibre .177,2068.27
696,drogas,Importada Ketamina 1 Comprimido 10 Comprimidos,437.09
455,sexshop,Loving Sex Kit Sensual Sem Látex à Prova d'Água,147.39
410,sexshop,Sexy Fantasy Anel Peniano Sabor Morango,342.0
1034,eletrodomesticos,Electrolux Geladeira Frost Free 12kg,995.4
351,ferramentas,Dewalt Jogo de Chaves a Bateria com Maleta,771.69
915,eletrodomesticos,Britânia Máquina de Lavar 5L,4332.47
107,eletronicos,Positivo Console de Videogame Preto,2687.2
10,eletronicos,Sony Câmera Digital Preto 5G,1624.46
494,sexshop,Erobella Body Sensual Silicone,234.83
608,armas,Cybergun Arma de Pressão a Mola CO2,2727.66
805,porcelanato,Cecafi Porcelanato Acetinado Acabamento Fosco,98.07
348,ferramentas,Lee Tools Alicate Universal com Maleta,1228.04
656,drogas,Nacional Ketamina 3 Pedras 1g,311.02
290,ferramentas,Makita Máquina de Cortar Grama 1/2 pol,252.09
642,armas,Cybergun Espingarda de Pressão 6mm CO2,1091.58
267,ferramentas,Skil Alicate Universal 20V Profissional,1717.55
834,porcelanato,Delta Porcelanato Amadeirado Amadeirado,127.21
29,eletronicos,Asus Console de Videogame 256GB,3284.24
381,ferramentas,Makita Solda Inversora 650W,1265.73
476,sexshop,Intt Kit Sensual Sem Látex Recarregável,378.61
983,eletrodomesticos,LG Lava e Seca Digital,1359.6
417,sexshop,Loving Sex Gel Retardante Vibração Multivelocidade Aromatizado,111.16
402,sexshop,Intt Anel Peniano Vibração Multivelocidade,268.71
768,drogas,Peruana Pasta Base 5 Selos,162.64
172,moveis,Etna Armário de Cozinha Solteiro Reclinável,2499.84
459,sexshop,Pepper Blend Vibrador Aromatizado Tam. Único,110.55
275,ferramentas,Makita Serra Circular 110V,1791.05
443,sexshop,Loving Sex Kit Sensual Silicone,321.44
634,armas,Gamo Luneta para Rifle 6mm,833.19
236,moveis,Casatema Cadeira Gamer Solteiro,4103.07
322,ferramentas,Tramontina Martelo 110V,1395.07
80,eletronicos,Positivo Pendrive Full HD,6056.69
833,porcelanato,Ceusa Porcelanato Amadeirado Acetinado,39.44
525,armas,Cybergun Faca Tática Calibre .177,2689.87
806,porcelanato,"Incepa Revestimento de Parede 80x80cm Caixa com 2,20m²",99.66
868,porcelanato,Incepa Porcelanato Retificado Acetinado Amadeirado,149.66
409,sexshop,Erobella Chicote de Couro Aromatizado,56.01
243,moveis,Rudnick Cabeceira Casal,2004.29
625,armas,QGK Espingarda de Pressão Preto Fosco PCP,1644.66
246,moveis,Madesa Armário de Cozinha com Espelho,2079.5
345,ferramentas,Dewalt Furadeira com 2 Baterias,1582.82
693,drogas,Gorila Glue Erva Prensada 1 Comprimido 3 Pedras,49.14
987,eletrodomesticos,Mondial Ar Condicionado Split Inverter 12kg,4950.01
591,armas,Cybergun Pistola de Airsoft CO2 Calibre .177,2991.57
339,ferramentas,Worker Motosserra 650W Profissional,1458.86
559,armas,Crosman Luneta para Rifle Camuflado,933.52
180,moveis,Móveis Bento Colchão Retrátil,1366.87
30,eletronicos,Logitech Roteador Wi-Fi Preto,6679.78
814,porcelanato,Ceusa Argamassa Colante 90x90cm 60x60cm,51.0
847,porcelanato,Elizabeth Rodapé de Porcelanato Acabamento Fosco,144.14
708,drogas,Amnésia Haze Cocaína 3g 1 Pedra,562.25
659,drogas,Skunk Holandesa Cogumelo Psilodélico 10 Comprimidos,669.92
770,drogas,Purple Haze Ketamina 1 Selo,770.6
663,drogas,Importada Ketamina 5g,214.08
519,sexshop,Intt Óleo de Massagem Silicone,190.08
308,ferramentas,Dewalt Marreta 1/2 pol 110V,1104.24
962,eletrodomesticos,Britânia Máquina de Lavar 220V,5083.09
720,drogas,Peruana Êxtase 1 Pedra,108.93
261,ferramentas,Makita Motosserra com Maleta,341.69
289,ferramentas,Bosch Furadeira de Impacto com 2 Baterias,1545.39
667,drogas,Importada Haxixe 3g,319.17
12,eletronicos,LG Teclado Mecânico RGB,7594.06
218,moveis,Etna Guarda-Roupa Reclinável,3919.05
986,eletrodomesticos,Consul Batedeira Planetária 12kg 9000 BTUs,5665.19
904,porcelanato,Portobello Porcelanato Marmorizado 90x90cm Amadeirado,149.68
47,eletronicos,Samsung Leitor de E-book 4K,7618.88
565,armas,Crosman Rifle de Pressão PCP,2142.14
425,sexshop,Amor & Sedução Máscara de Cetim Aromatizado,228.64
606,armas,Sig Sauer Airsoft Spray de Pimenta CO2,1297.19
1015,eletrodomesticos,Philco Air Fryer Digital,4700.52
912,eletrodomesticos,Philco Adega Climatizada 220V Branco,3578.68
990,eletrodomesticos,Arno Máquina de Lavar Frost Free,3462.65
799,porcelanato,Delta Porcelanato Amadeirado 80x80cm Acetinado,161.17
2,eletronicos,Multilaser Teclado Mecânico Tela 6.5 pol 4K,1569.23
199,moveis,Herval Poltrona 3 Lugares Rústico,370.02
298,ferramentas,Black+Decker Solda Inversora 1/2 pol 650W,2432.05
239,moveis,Marfinno Cama Box Casal Rústico,2948.53
905,porcelanato,Portobello Porcelanato Amadeirado Acetinado,152.6
505,sexshop,Intt Algemas de Pelúcia Aromatizado Sem Látex,137.41
624,armas,QGK Luneta para Rifle 500 unidades 6mm,2982.44
533,armas,Rossi Capacete de Airsoft Camuflado,214.98
509,sexshop,Pepper Blend Máscara de Cetim Sem Látex Sabor Morango,295.34
133,moveis,OPA Cômoda Solteiro 6 Portas,3430.56
363,ferramentas,Vonder Compressor de Ar 650W 20V,361.68
539,armas,Condor Outdoor Espingarda de Pressão Preto Fosco,1197.07
266,ferramentas,Makita Nível a Laser com 2 Baterias,255.97
325,ferramentas,Makita Martelo 20V,1352.36
880,porcelanato,Roca Rodapé de Porcelanato Acetinado,110.58
956,eletrodomesticos,Consul Air Fryer Frost Free,3245.35
496,sexshop,Sedução Fantasia Erótica Recarregável,116.03
1039,eletrodomesticos,Midea Liquidificador 9000 BTUs,3489.76
542,armas,Bushnell Coldre Tático CO2,1374.69
926,eletrodomesticos,Consul Adega Climatizada Inox Frost Free,4948.18
60,eletronicos,Samsung HD Externo 16GB RAM 128GB,3108.79
563,armas,Crosman Spray de Pimenta 6mm 500 unidades,2574.02
945,eletrodomesticos,Brastemp Aspirador de Pó Digital,4499.5
717,drogas,OG Kush Pasta Base 1 Pedra 1 Comprimido,101.83
674,drogas,Colombiana Skunk 1 Pedra 5 Selos,485.17
924,eletrodomesticos,Britânia Adega Climatizada Inox,4483.95
827,porcelanato,Ceusa Argamassa Colante 60x60cm,52.5
282,ferramentas,Bosch Trena a Laser 650W com 2 Baterias,381.64
125,eletronicos,Dell Caixa de Som Bluetooth Bluetooth 5.0 RGB,6410.95
761,drogas,Nacional Skunk 5 Selos,153.0
948,eletrodomesticos,Electrolux Geladeira Frost Free Branco,4076.25
898,porcelanato,"Eliane Porcelanato Acetinado Caixa com 2,20m²",149.13
67,eletronicos,Dell HD Externo 16GB RAM Wi-Fi 6,6240.66
648,armas,Bushnell Arma de Pressão 500 unidades CO2,1615.06
728,drogas,Nacional Êxtase 10g 1 Comprimido,250.37
803,porcelanato,"Cristofoletti Rejunte Caixa com 2,20m²",58.57
389,ferramentas,Lee Tools Motosserra com Maleta,569.26
378,ferramentas,Black+Decker Martelo 110V,1461.11
331,ferramentas,Worker Trena a Laser Profissional,1812.76
307,ferramentas,Lee Tools Martelo com Maleta,2417.01
96,eletronicos,Acer Roteador Wi-Fi 5G,3552.59
37,eletronicos,LG Console de Videogame Bluetooth 5.0,5424.48
902,porcelanato,Eliane Revestimento de Parede Tom Cinza,85.31
467,sexshop,Pepper Blend Body Sensual Aromatizado Silicone,117.42
736,drogas,Importada Êxtase 1 Pedra,727.37
576,armas,Bushnell Arma de Pressão com Mira,311.33
858,porcelanato,Roca Soleira de Granito 60x60cm Tom Cinza,117.74
292,ferramentas,Black+Decker Parafusadeira Profissional 110V,2499.0
166,moveis,Herval Colchão Reclinável Solteiro,1171.38
183,moveis,Casatema Mesa de Escritório Reclinável 6 Portas,2084.43
427,sexshop,Sedução Vela de Massagem Sabor Morango Sem Látex,92.26
713,drogas,Colombiana Haxixe 3 Pedras 10 Comprimidos,230.58
1019,eletrodomesticos,Panasonic Depurador de Ar Inox,2656.74
843,porcelanato,Ceusa Soleira de Granito Amadeirado,133.13
946,eletrodomesticos,Philco Aspirador de Pó 110V,4618.74
306,ferramentas,Lee Tools Máquina de Cortar Grama 1/2 pol com 2 Baterias,487.63
592,armas,Sig Sauer Airsoft Coldre Tático 500 unidades,617.32
969,eletrodomesticos,Britânia Ventilador de Coluna Inverter,2306.62
640,armas,Bushnell Pistola de Airsoft 6mm 500 unidades,2431.7
38,eletronicos,JBL Roteador Wi-Fi 4K,4118.72
358,ferramentas,Skil Chave de Fenda com Maleta Profissional,808.95
57,eletronicos,LG Mouse Gamer 128GB,7095.93
960,eletrodomesticos,Panasonic Air Fryer Inox,3340.98
779,drogas,Purple Haze Crack 3 Pedras,65.74
700,drogas,Colombiana Êxtase 10 Comprimidos,529.78
213,moveis,Casatema Cadeira Gamer Retrátil,4430.52
802,porcelanato,"Cecafi Porcelanato Externo Antiderrapante Caixa com 2,20m²",171.82
285,ferramentas,Tramontina Kit de Ferramentas Profissional,1402.89
561,armas,Rossi Pistola de Airsoft a Mola,1821.81
251,moveis,Tok&Stok Escrivaninha Solteiro,2865.78
7,eletronicos,Multilaser Câmera Digital 4K Branco,5513.65
787,porcelanato,Ceusa Porcelanato Retificado Amadeirado,44.82
982,eletrodomesticos,Philco Fogão 4 Bocas 9000 BTUs 5L,5907.77
420,sexshop,Pepper Blend Vibrador Vibração Multivelocidade,237.54
822,porcelanato,Incepa Porcelanato Polido Acetinado Acabamento Fosco,106.02
488,sexshop,Sedução Bomba Peniana Aromatizado,319.16
603,armas,Condor Outdoor Esferas de Airsoft (BBs) Calibre .177,2181.56
223,moveis,Etna Poltrona Branco Fosco Solteiro,218.65
244,moveis,Bertolini Escrivaninha Reclinável Branco Fosco,619.63
506,sexshop,Sexy Fantasy Fantasia Erótica à Prova d'Água,318.5
6,eletronicos,Logitech Notebook 256GB,6463.7
557,armas,Gamo Esferas de Airsoft (BBs) PCP,298.55
511,sexshop,Sedução Kit Sensual Silicone,256.25
510,sexshop,Chilies Algemas de Pelúcia Vibração Multivelocidade,210.93
470,sexshop,Sexy Fantasy Chicote de Couro Recarregável,167.5
13,eletronicos,JBL Smart TV Wi-Fi 6,7370.92
260,moveis,Marfinno Estante Solteiro,647.7
4,eletronicos,Acer Smart TV Branco 16GB RAM,3522.3
739,drogas,Boliviana Haxixe 10g,136.33
780,drogas,Skunk Holandesa Cogumelo Psilodélico 5 Selos,755.12
121,eletronicos,Motorola Roteador Wi-Fi Full HD,7139.63
186,moveis,Móveis Bento Sofá Reclinável Casal,4417.04
296,ferramentas,Bosch Trena a Laser 650W,2065.41
457,sexshop,Amor & Sedução Lubrificante Íntimo Tam. Único Silicone,318.83
815,porcelanato,Portobello Porcelanato Marmorizado 80x80cm,131.27
316,ferramentas,Stanley Nível a Laser Profissional a Bateria,891.22
430,sexshop,Sedução Máscara de Cetim Vibração Multivelocidade,102.68
53,eletronicos,Motorola Roteador Wi-Fi 256GB,7872.45
670,drogas,Gorila Glue Pasta Base 3g 25g,662.6
1038,eletrodomesticos,Mondial Geladeira Frost Free Frost Free 5L,4539.29
167,moveis,Herval Mesa de Escritório Retrátil Casal,2488.33
154,moveis,Herval Cadeira Gamer 3 Lugares,1576.83
580,armas,Gamo Arma de Pressão a Mola,213.16
344,ferramentas,Skil Martelo 110V com Maleta,1265.17
921,eletrodomesticos,Electrolux Purificador de Água 9000 BTUs,2856.23
923,eletrodomesticos,Brastemp Freezer Vertical Inox,2223.07
724,drogas,Purple Haze Haxixe 1 Comprimido,225.14
564,armas,Bushnell Óculos de Proteção Tático 500 unidades,470.52
388,ferramentas,Bosch Parafusadeira com Maleta,2418.05
164,moveis,Etna Poltrona Casal Solteiro,4482.28
721,drogas,Nacional Cristal (Metanfetamina) 3g,102.89
524,armas,Sig Sauer Airsoft Arma de Pressão 4.5mm,1256.78
394,sexshop,Erobella Vela de Massagem Recarregável,384.74
812,porcelanato,"Cecafi Rejunte Caixa com 2,20m² Tom Cinza",121.6
967,eletrodomesticos,Mondial Geladeira Frost Free 220V,1512.67
372,ferramentas,Stanley Jogo de Chaves 650W,985.01
650,armas,Condor Outdoor Esferas de Airsoft (BBs) Calibre .177 Camuflado,2219.07
961,eletrodomesticos,Mondial Lava e Seca 9000 BTUs,5981.39
117,eletronicos,JBL Fone de Ouvido Bluetooth Preto 5G,3847.22
94,eletronicos,Logitech HD Externo 256GB,3907.7
127,eletronicos,Motorola Fone de Ouvido Bluetooth Tela 6.5 pol 256GB,3936.54
749,drogas,Skunk Holandesa Skunk 10 Comprimidos,97.85
845,porcelanato,Eliane Pastilha de Vidro Acetinado,170.46
257,moveis,Rudnick Sapateira 3 Lugares,2349.15
682,drogas,Gorila Glue Pasta Base 3 Pedras 5g,759.51
466,sexshop,Erobella Corda de Bondage Aromatizado,135.77
207,moveis,Bertolini Mesa de Escritório Reclinável 6 Portas,3686.78
605,armas,Rossi Munição Chumbinho a Mola 6mm,1166.71
465,sexshop,Sedução Kit Sensual Sabor Morango,314.56
184,moveis,Rudnick Cama Box Casal Retrátil,1177.09
26,eletronicos,Apple Console de Videogame Full HD,6000.19
462,sexshop,Amor & Sedução Chicote de Couro Sem Látex,94.65
1006,eletrodomesticos,Brastemp Liquidificador 12kg,2975.71
791,porcelanato,Incepa Piso Porcelanato Acetinado Retificado,163.07
846,porcelanato,Roca Soleira de Granito 90x90cm Acabamento Fosco,99.73
811,porcelanato,Roca Piso Porcelanato Amadeirado,143.96
940,eletrodomesticos,Consul Adega Climatizada 9000 BTUs,3972.14
600,armas,Umarex Pistola de Airsoft Preto Fosco CO2,180.39
185,moveis,OPA Cabeceira 3 Lugares,1727.68
966,eletrodomesticos,Midea Depurador de Ar 5L,2001.59
882,porcelanato,"Delta Rodapé de Porcelanato Caixa com 2,20m²",52.7
93,eletronicos,Motorola Projetor Full HD,6234.74
931,eletrodomesticos,Panasonic Batedeira Planetária 220V,4429.71
662,drogas,Purple Haze Cristal (Metanfetamina) 10g,508.82
475,sexshop,Chilies Algemas de Pelúcia Silicone Sabor Morango,59.32
146,moveis,Etna Sapateira Solteiro Casal,1290.4
530,armas,Crosman Munição Chumbinho PCP CO2,1922.53
964,eletrodomesticos,Britânia Liquidificador 110V 220V,3832.45
772,drogas,Skunk Holandesa Cocaína 5g 1 Comprimido,320.86
302,ferramentas,Vonder Máquina de Cortar Grama Profissional,887.51
433,sexshop,Loving Sex Óleo de Massagem Recarregável,332.84
171,moveis,Casatema Mesa de Escritório Reclinável Rústico,3179.71
473,sexshop,Amor & Sedução Bomba Peniana Aromatizado Sabor Morango,171.11
293,ferramentas,Stanley Solda Inversora 20V,1808.42
312,ferramentas,Skil Parafusadeira 20V,416.42
408,sexshop,Chilies Fantasia Erótica Tam. Único,288.57
451,sexshop,Chilies Vibrador Sabor Morango Sem Látex,251.94
299,ferramentas,Makita Serra Tico-Tico 1/2 pol,1620.15
195,moveis,Móveis Bento Mesa de Escritório Solteiro Retrátil,548.78
51,eletronicos,LG Notebook Full HD 5G,1229.99
646,armas,QGK Rifle de Pressão a Mola,766.14
529,armas,Sig Sauer Airsoft Spray de Pimenta PCP,1531.12
753,drogas,OG Kush LSD 3 Pedras,645.24
572,armas,Gamo Faca Tática 500 unidades,2857.73
877,porcelanato,Eliane Rejunte Acabamento Fosco Tom Cinza,178.73
406,sexshop,Sedução Óleo de Massagem Sabor Morango,203.5
943,eletrodomesticos,Mondial Fogão 4 Bocas Digital,3390.28
532,armas,Umarex Colete Tático Calibre .177 Preto Fosco,1787.93
252,moveis,Marfinno Poltrona Rústico Retrátil,2696.34
44,eletronicos,Multilaser HD Externo Prata,5331.0
468,sexshop,Chilies Body Sensual à Prova d'Água,52.57
463,sexshop,Intt Fantasia Erótica Tam. Único Sem Látex,244.7
112,eletronicos,Dell Monitor 16GB RAM,6172.18
957,eletrodomesticos,Philco Cafeteira Elétrica Digital,3635.5
40,eletronicos,Positivo Pendrive 16GB RAM,7681.07
657,drogas,Colombiana Cristal (Metanfetamina) 10 Comprimidos,30.98
1030,eletrodomesticos,Philco Purificador de Água 5L,1977.16
550,armas,Umarex Arma de Pressão 4.5mm,962.68
992,eletrodomesticos,Mondial Lava e Seca Inox Branco,647.24
1018,eletrodomesticos,LG Ar Condicionado Split Branco 5L,5289.57
777,drogas,Gorila Glue Skunk 3g,108.18
404,sexshop,Sedução Vibrador Sem Látex Vibração Multivelocidade,176.98
321,ferramentas,Vonder Serra Circular 1/2 pol 110V,1602.24
893,porcelanato,Eliane Revestimento de Parede 80x80cm Retificado,146.38
623,armas,Bushnell Esferas de Airsoft (BBs) Preto Fosco,769.97
43,eletronicos,Multilaser Roteador Wi-Fi 128GB,2313.26
415,sexshop,Chilies Kit Sensual Silicone,360.55
438,sexshop,Chilies Kit Sensual Sabor Morango,343.54
1012,eletrodomesticos,Philco Ventilador de Coluna Branco Frost Free,310.87
881,porcelanato,Ceusa Porcelanato Externo Antiderrapante 80x80cm Tom Cinza,111.42
333,ferramentas,Tramontina Máquina de Cortar Grama 650W,2112.62
870,porcelanato,Eliane Rodapé de Porcelanato Amadeirado,41.52
872,porcelanato,Eliane Porcelanato Retificado 90x90cm,115.73
970,eletrodomesticos,Consul Micro-ondas Frost Free 110V,3341.91
450,sexshop,Loving Sex Máscara de Cetim Sabor Morango,53.51
182,moveis,Tok&Stok Escrivaninha Casal Cinza,1095.12
68,eletronicos,JBL Caixa de Som Bluetooth Tela 6.5 pol,1797.6
210,moveis,Móveis Bento Poltrona 6 Portas,3580.6
1028,eletrodomesticos,Panasonic Aspirador de Pó Frost Free Digital,409.9
1000,eletrodomesticos,Philco Air Fryer 12kg,3461.58
228,moveis,Madesa Cabeceira 3 Lugares,426.48
423,sexshop,Loving Sex Bomba Peniana Sabor Morango,281.66
1025,eletrodomesticos,Midea Aspirador de Pó 9000 BTUs,5578.34
16,eletronicos,Positivo Fone de Ouvido Bluetooth Preto,1049.53
419,sexshop,Sexy Fantasy Lubrificante Íntimo Vibração Multivelocidade Sabor Morango,284.61
34,eletronicos,Apple Fone de Ouvido Bluetooth Branco,4876.89
232,moveis,Tok&Stok Mesa de Escritório Cinza 6 Portas,2116.22
198,moveis,Etna Sofá Solteiro MDF,4374.26
168,moveis,Tok&Stok Estante Casal,1840.61
844,porcelanato,Roca Porcelanato Marmorizado Acabamento Fosco 60x60cm,91.49
486,sexshop,Chilies Óleo de Massagem Sem Látex,232.83
504,sexshop,Amor & Sedução Vibrador Sabor Morango,128.49
854,porcelanato,Cristofoletti Piso Porcelanato 80x80cm,64.45
798,porcelanato,Eliane Rejunte 60x60cm,123.83
972,eletrodomesticos,Electrolux Aspirador de Pó Frost Free,2217.65
666,drogas,Importada LSD 1 Selo,120.57
879,porcelanato,Cristofoletti Porcelanato Retificado Retificado 90x90cm,56.57
481,sexshop,Pepper Blend Fantasia Erótica Sem Látex,186.62
828,porcelanato,Eliane Rodapé de Porcelanato 60x60cm,164.75
515,sexshop,Chilies Anel Peniano Sem Látex,173.38
138,moveis,OPA Cama Box Casal Retrátil 6 Portas,3828.99
489,sexshop,Erobella Algemas de Pelúcia Recarregável Aromatizado,348.89
705,drogas,Nacional Cocaína 10g,446.88
82,eletronicos,Asus Console de Videogame 128GB,6531.15
368,ferramentas,Stanley Martelo 650W,697.98
778,drogas,Gorila Glue Pasta Base 1 Comprimido,563.01
704,drogas,Skunk Holandesa Crack 25g 5g,316.6
771,drogas,Skunk Holandesa Haxixe 3g,232.03
238,moveis,Casatema Mesa de Escritório Reclinável,1462.09
611,armas,Cybergun Esferas de Airsoft (BBs) 4.5mm,471.44
894,porcelanato,Cecafi Porcelanato Amadeirado Retificado,172.13
976,eletrodomesticos,Britânia Micro-ondas Frost Free Inverter,294.86
581,armas,Condor Outdoor Colete Tático 6mm,2349.45
621,armas,QGK Alvo de Treinamento CO2,1938.68
274,ferramentas,Makita Serra Circular com Maleta,2134.35
1024,eletrodomesticos,Electrolux Ventilador de Coluna Branco,5110.42
627,armas,Gamo Espingarda de Pressão Calibre .177 PCP,1166.02
27,eletronicos,Asus Webcam 5G,1441.78
190,moveis,Rudnick Sofá Cinza,413.39
952,eletrodomesticos,Midea Cafeteira Elétrica Inox Digital,4773.45
110,eletronicos,LG Notebook 256GB,6673.16
193,moveis,OPA Mesa de Escritório MDF,4278.2
848,porcelanato,Portobello Porcelanato Acetinado 90x90cm,79.33
281,ferramentas,Makita Nível a Laser 220V 1/2 pol,534.41
757,drogas,Nacional Erva Prensada 10g 5g,611.4
653,drogas,Nacional Haxixe 10g 1 Selo,318.99
764,drogas,Peruana Cristal (Metanfetamina) 25g,505.01
454,sexshop,Pepper Blend Algemas de Pelúcia Vibração Multivelocidade,388.35
311,ferramentas,Stanley Alicate Universal com 2 Baterias 220V,345.44
422,sexshop,Erobella Lubrificante Íntimo Aromatizado Silicone,371.56
999,eletrodomesticos,Arno Aspirador de Pó 110V,1864.79
327,ferramentas,Makita Lixadeira 110V a Bateria,454.84
784,porcelanato,Eliane Porcelanato Externo Antiderrapante 80x80cm,125.33
852,porcelanato,Portobello Porcelanato Marmorizado Retificado,114.3
745,drogas,Colombiana Cocaína 10g,200.31
980,eletrodomesticos,Consul Freezer Vertical 12kg Frost Free,5351.82
804,porcelanato,"Cristofoletti Porcelanato Polido Tom Cinza Caixa com 2,20m²",119.01
189,moveis,Etna Sofá 6 Portas Cinza,2955.0
122,eletronicos,Dell Câmera Digital Wi-Fi 6,6695.69
737,drogas,Skunk Holandesa Ketamina 1 Pedra,671.48
546,armas,Rossi Espingarda de Pressão Camuflado 4.5mm,2317.34
571,armas,Condor Outdoor Bastão Retrátil PCP 4.5mm,546.39
70,eletronicos,Samsung Tablet Full HD,5585.54
326,ferramentas,Stanley Martelo 110V,1276.33
162,moveis,Madesa Armário de Cozinha Branco Fosco,347.26
579,armas,Sig Sauer Airsoft Faca Tática Camuflado,390.72
991,eletrodomesticos,Electrolux Lava e Seca 220V,3468.23
149,moveis,OPA Cômoda Reclinável Retrátil,1765.91
989,eletrodomesticos,Electrolux Fogão 4 Bocas Digital Frost Free,3111.61
1007,eletrodomesticos,Panasonic Air Fryer Frost Free,5403.23
139,moveis,Herval Painel para TV Reclinável,2574.31
1013,eletrodomesticos,Midea Depurador de Ar Inox,4867.3
723,drogas,Nacional Ketamina 3g,175.8
706,drogas,Amnésia Haze Erva Prensada 25g,390.03
317,ferramentas,Stanley Esmerilhadeira com 2 Baterias 20V,2354.62
821,porcelanato,"Delta Porcelanato Marmorizado 90x90cm Caixa com 2,20m²",27.57
208,moveis,Casatema Cômoda Cinza,1163.54
866,porcelanato,Cecafi Porcelanato Retificado Acabamento Fosco,83.13
555,armas,Condor Outdoor Óculos de Proteção Tático Camuflado CO2,1406.14
595,armas,Crosman Spray de Pimenta PCP a Mola,303.18
142,moveis,Herval Sofá 6 Portas,1300.39
669,drogas,Colombiana Cocaína 1 Pedra,150.28
212,moveis,Bertolini Rack para TV MDF Cinza,1356.15
135,moveis,Móveis Bento Berço Retrátil,3092.01
556,armas,Condor Outdoor Coldre Tático Preto Fosco 500 unidades,2561.87
460,sexshop,Intt Algemas de Pelúcia Sem Látex Sabor Morango,232.39
338,ferramentas,Bosch Serra Tico-Tico a Bateria,1617.98
620,armas,Cybergun Luneta para Rifle 6mm,1275.13
320,ferramentas,Bosch Máquina de Cortar Grama 20V,656.49
437,sexshop,Pepper Blend Body Sensual à Prova d'Água,237.51
157,moveis,Marfinno Cômoda 3 Lugares,2914.01
587,armas,Condor Outdoor Capacete de Airsoft com Mira Preto Fosco,279.6
247,moveis,Madesa Estante Rústico,4061.81
428,sexshop,Amor & Sedução Chicote de Couro Silicone à Prova d'Água,343.91
233,moveis,OPA Cama Box Casal Solteiro,1113.74
703,drogas,OG Kush Cogumelo Psilodélico 1 Comprimido 10 Comprimidos,345.08
856,porcelanato,"Portobello Soleira de Granito Caixa com 2,20m² Retificado",166.06
628,armas,Cybergun Espingarda de Pressão PCP,2148.71
695,drogas,Boliviana Êxtase 3g,219.52
534,armas,Gamo Óculos de Proteção Tático Camuflado,1997.46
392,sexshop,Chilies Corda de Bondage à Prova d'Água Sem Látex,323.1
933,eletrodomesticos,Panasonic Depurador de Ar 9000 BTUs,550.6
90,eletronicos,Multilaser Smart TV Full HD,6029.11
141,moveis,Bertolini Poltrona Casal,1866.4
673,drogas,Boliviana LSD 5 Selos 1 Selo,587.71
871,porcelanato,Eliane Porcelanato Acetinado 60x60cm Amadeirado,91.04
350,ferramentas,Stanley Serra Tico-Tico Profissional,1725.08
156,moveis,Móveis Bento Colchão Reclinável,2967.29
231,moveis,OPA Cama Box Casal Casal MDF,2732.45
287,ferramentas,Lee Tools Jogo de Chaves 650W,2017.01
569,armas,QGK Capacete de Airsoft Preto Fosco PCP,917.56
31,eletronicos,JBL Caixa de Som Bluetooth 128GB,2472.77
835,porcelanato,Cecafi Porcelanato Polido Acetinado Retificado,164.81
397,sexshop,Erobella Algemas de Pelúcia Recarregável,286.46
264,ferramentas,Vonder Esmerilhadeira 220V,2250.75
863,porcelanato,Incepa Revestimento de Parede 90x90cm,26.1
64,eletronicos,Samsung Teclado Mecânico Prata,7147.72
832,porcelanato,Incepa Piso Porcelanato Amadeirado,141.62
283,ferramentas,Vonder Parafusadeira 20V com Maleta,1984.32
514,sexshop,Sexy Fantasy Anel Peniano à Prova d'Água Recarregável,27.54
242,moveis,Tok&Stok Poltrona 3 Lugares,3835.75
310,ferramentas,Tramontina Lixadeira 110V,176.32
641,armas,Cybergun Espingarda de Pressão Preto Fosco,1430.9
364,ferramentas,Dewalt Chave de Fenda a Bateria 650W,951.53
361,ferramentas,Lee Tools Martelo 650W Profissional,2157.51
701,drogas,Nacional Ketamina 3g 1 Selo,35.4
356,ferramentas,Makita Esmerilhadeira com 2 Baterias,541.9
928,eletrodomesticos,Brastemp Liquidificador 9000 BTUs Inox,434.55
161,moveis,Casatema Poltrona Cinza,657.54
763,drogas,Peruana Erva Prensada 10 Comprimidos,361.42
403,sexshop,Pepper Blend Vela de Massagem Sem Látex,36.88
502,sexshop,Loving Sex Vibrador Recarregável Aromatizado,79.73
342,ferramentas,Makita Marreta 20V a Bateria,1064.8
950,eletrodomesticos,Arno Fogão 4 Bocas Branco,2614.01
543,armas,Rossi Canivete Multiuso com Mira,723.83
254,moveis,Casatema Guarda-Roupa 3 Lugares Reclinável,1806.93
41,eletronicos,Asus Smartphone Branco 256GB,5903.53
23,eletronicos,Dell Console de Videogame 4K,1583.21
730,drogas,Skunk Holandesa Pasta Base 5 Selos,407.16
1016,eletrodomesticos,Mondial Aspirador de Pó 9000 BTUs Inverter,5538.26
469,sexshop,Chilies Bomba Peniana Silicone Tam. Único,125.49
513,sexshop,Sexy Fantasy Body Sensual Recarregável Vibração Multivelocidade,75.81
204,moveis,Etna Armário de Cozinha 6 Portas com Espelho,3759.71
191,moveis,Herval Poltrona Casal,1350.08
91,eletronicos,Philips Drone Full HD,6728.51
545,armas,Crosman Bastão Retrátil Preto Fosco,434.25
612,armas,Umarex Óculos de Proteção Tático Calibre .177,1853.9
497,sexshop,Sedução Kit Sensual à Prova d'Água,220.41
324,ferramentas,Black+Decker Trena a Laser Profissional,784.95
102,eletronicos,LG Smart TV Bluetooth 5.0 Wi-Fi 6,1257.6
727,drogas,Amnésia Haze Ketamina 1 Pedra,568.68
521,armas,Cybergun Coldre Tático CO2,160.38
390,ferramentas,Stanley Serra Circular 1/2 pol Profissional,908.12
237,moveis,Bertolini Banqueta com Espelho,3016.23
396,sexshop,Sexy Fantasy Gel Retardante Sabor Morango,116.2
665,drogas,Gorila Glue LSD 1 Selo,288.59
889,porcelanato,Cristofoletti Rodapé de Porcelanato 60x60cm 80x80cm,46.4
300,ferramentas,Worker Furadeira de Impacto a Bateria com 2 Baterias,1146.94
20,eletronicos,Positivo Console de Videogame Tela 6.5 pol,2649.89
111,eletronicos,Positivo Pendrive 4K,3152.45
886,porcelanato,Cristofoletti Porcelanato Marmorizado Acetinado,114.54
369,ferramentas,Worker Motosserra 220V 110V,649.88
676,drogas,Importada Pasta Base 5 Selos 25g,712.62
873,porcelanato,Ceusa Argamassa Colante Acabamento Fosco,65.5
679,drogas,Nacional Ketamina 3 Pedras 3g,723.08
914,eletrodomesticos,Midea Micro-ondas Inverter Frost Free,1394.47
677,drogas,Gorila Glue Êxtase 5g,796.47
398,sexshop,Sexy Fantasy Body Sensual à Prova d'Água,137.49
69,eletronicos,Philips Smart TV 128GB,6444.63
9,eletronicos,JBL Mouse Gamer Branco,5912.08
671,drogas,Skunk Holandesa Ketamina 5 Selos,252.6
477,sexshop,Sedução Anel Peniano Sem Látex,191.78
55,eletronicos,Positivo Câmera Digital 5G 4K,6161.81
278,ferramentas,Tramontina Lixadeira 20V,1992.49
633,armas,Cybergun Óculos de Proteção Tático Camuflado,985.17
714,drogas,Purple Haze Haxixe 25g 5 Selos,492.39
809,porcelanato,Roca Porcelanato Acetinado Acetinado,47.12
206,moveis,OPA Berço Reclinável,2700.77
291,ferramentas,Black+Decker Serra Tico-Tico a Bateria 20V,800.86
62,eletronicos,Positivo Smart TV 5G Preto,1231.72
1029,eletrodomesticos,Philco Geladeira Frost Free 220V,3189.11
262,ferramentas,Worker Serra Tico-Tico 220V,2137.95
45,eletronicos,Philips Caixa de Som Bluetooth 128GB,4976.93
540,armas,Sig Sauer Airsoft Óculos de Proteção Tático 4.5mm Camuflado,2500.74
680,drogas,Gorila Glue Crack 3g 1 Selo,300.22
597,armas,Cybergun Faca Tática com Mira 500 unidades,2432.4
386,ferramentas,Stanley Trena a Laser 650W,2365.27
19,eletronicos,Apple Webcam Wi-Fi 6 4K,5355.13
685,drogas,Skunk Holandesa LSD 1g 1 Comprimido,198.17
716,drogas,Skunk Holandesa Cristal (Metanfetamina) 1 Pedra,667.91
712,drogas,OG Kush Crack 1 Selo 1g,536.74
145,moveis,Móveis Bento Estante Retrátil,3408.2
748,drogas,Purple Haze Crack 1 Selo,382.14
638,armas,Sig Sauer Airsoft Arma de Pressão Calibre .177 Camuflado,2437.75
495,sexshop,Amor & Sedução Gel Retardante Aromatizado Sabor Morango,397.27
562,armas,Bushnell Luneta para Rifle CO2,668.61
265,ferramentas,Stanley Serra Tico-Tico com Maleta,1134.97
769,drogas,Amnésia Haze Haxixe 5g 1 Selo,332.61
536,armas,QGK Luneta para Rifle 500 unidades,896.28
560,armas,QGK Capacete de Airsoft 500 unidades,2122.97
209,moveis,Marfinno Guarda-Roupa Branco Fosco,3518.5
217,moveis,Móveis Bento Painel para TV Rústico,628.18
551,armas,Rossi Spray de Pimenta Calibre .177,388.59
965,eletrodomesticos,Panasonic Adega Climatizada Digital,4972.58
215,moveis,Etna Mesa de Jantar Casal,2499.94
340,ferramentas,Black+Decker Motosserra a Bateria,1641.78
24,eletronicos,LG Roteador Wi-Fi RGB,5339.54
483,sexshop,Intt Algemas de Pelúcia Tam. Único,217.17
461,sexshop,Pepper Blend Gel Retardante Recarregável,165.79
988,eletrodomesticos,LG Fogão 4 Bocas Digital 5L,5521.95
114,eletronicos,Lenovo Smartwatch Branco,215.08
824,porcelanato,Elizabeth Porcelanato Retificado Retificado,131.08
711,drogas,Peruana Cocaína 5g,536.1
352,ferramentas,Black+Decker Chave de Fenda com Maleta,219.51
15,eletronicos,JBL Pendrive 256GB Bluetooth 5.0,5327.3
295,ferramentas,Skil Lixadeira com Maleta Profissional,1932.14
840,porcelanato,"Eliane Rodapé de Porcelanato Caixa com 2,20m²",91.88
853,porcelanato,Portobello Porcelanato Retificado Tom Cinza 80x80cm,90.95
1027,eletrodomesticos,Britânia Secadora de Roupas 9000 BTUs,3826.26
152,moveis,Móveis Bento Sofá Rústico Retrátil,2845.03
949,eletrodomesticos,Britânia Cafeteira Elétrica Inverter,4242.07
636,armas,Bushnell Capacete de Airsoft com Mira,1803.44
1011,eletrodomesticos,Electrolux Secadora de Roupas Inverter,3885.72
56,eletronicos,LG Projetor Preto,3676.0
758,drogas,OG Kush Pasta Base 3g,55.79
1001,eletrodomesticos,Mondial Batedeira Planetária Digital,3453.17
88,eletronicos,Acer Projetor Branco Tela 6.5 pol,6900.27
874,porcelanato,Cristofoletti Piso Porcelanato Acetinado,108.1
746,drogas,Purple Haze Maconha 1 Comprimido,791.16
776,drogas,Skunk Holandesa Êxtase 10g 1g,641.59
160,moveis,Tok&Stok Banqueta Solteiro Casal,2974.19
383,ferramentas,Stanley Kit de Ferramentas a Bateria Profissional,1266.95
1005,eletrodomesticos,Brastemp Fogão 4 Bocas Inverter,2941.77
205,moveis,Herval Banqueta Rústico,2560.8
240,moveis,Tok&Stok Escrivaninha 6 Portas Rústico,285.51
838,porcelanato,Delta Rejunte Tom Cinza,170.35
1004,eletrodomesticos,Arno Cafeteira Elétrica Frost Free,2008.93
46,eletronicos,LG Smartwatch RGB,801.49
452,sexshop,Chilies Lubrificante Íntimo Aromatizado,255.2
150,moveis,Madesa Poltrona com Espelho,3085.54
639,armas,Rossi Esferas de Airsoft (BBs) com Mira,864.37
453,sexshop,Intt Vibrador Sabor Morango,248.35
823,porcelanato,Cecafi Porcelanato Externo Antiderrapante Amadeirado,165.95
842,porcelanato,Delta Pastilha de Vidro Retificado Acetinado,160.6
632,armas,QGK Faca Tática Camuflado 4.5mm,1709.98
359,ferramentas,Black+Decker Serra Tico-Tico a Bateria,1807.17
174,moveis,Rudnick Escrivaninha Rústico,3310.71
313,ferramentas,Stanley Kit de Ferramentas 110V,445.06
789,porcelanato,"Delta Pastilha de Vidro Caixa com 2,20m²",45.88
25,eletronicos,Apple Tablet Wi-Fi 6,3070.41
672,drogas,Skunk Holandesa Cristal (Metanfetamina) 3 Pedras 5g,246.85
609,armas,Crosman Coldre Tático a Mola,846.7
353,ferramentas,Makita Chave de Fenda 650W,187.39
329,ferramentas,Worker Solda Inversora 650W 20V,419.32
196,moveis,Herval Painel para TV Rústico,1072.66
357,ferramentas,Makita Máquina de Cortar Grama 20V,1532.38
375,ferramentas,Vonder Motosserra 1/2 pol 650W,2168.66
434,sexshop,Intt Vibrador Aromatizado Vibração Multivelocidade,373.33
424,sexshop,Erobella Lubrificante Íntimo Vibração Multivelocidade,130.14
688,drogas,Peruana Pasta Base 1 Comprimido,592.58
116,eletronicos,LG Pendrive Preto,4630.98
92,eletronicos,Philips Webcam Bluetooth 5.0,2261.85
590,armas,Umarex Canivete Multiuso PCP,252.71
947,eletrodomesticos,Arno Purificador de Água Inverter,3497.49
702,drogas,Amnésia Haze Crack 1 Selo,558.0
332,ferramentas,Skil Máquina de Cortar Grama 110V Profissional,1528.64
441,sexshop,Amor & Sedução Plug Anal Tam. Único,168.94
796,porcelanato,"Eliane Rejunte Caixa com 2,20m²",87.85
273,ferramentas,Bosch Compressor de Ar a Bateria,2232.68
74,eletronicos,Apple Tablet RGB,1023.59
249,moveis,Etna Estante Casal Solteiro,795.25
253,moveis,Casatema Banqueta Cinza 6 Portas,3247.86
537,armas,Bushnell Alvo de Treinamento 500 unidades,2557.21
754,drogas,Gorila Glue LSD 1 Pedra,263.91
631,armas,Sig Sauer Airsoft Esferas de Airsoft (BBs) 6mm,1051.78
575,armas,Rossi Canivete Multiuso Calibre .177 500 unidades,1663.86
201,moveis,Casatema Armário de Cozinha Casal,4451.37
586,armas,Gamo Spray de Pimenta Camuflado Calibre .177,2814.6
668,drogas,Boliviana Cocaína 10 Comprimidos,479.16
405,sexshop,Loving Sex Chicote de Couro Sabor Morango Sem Látex,166.44
500,sexshop,Amor & Sedução Body Sensual Recarregável,125.84
203,moveis,Casatema Berço Retrátil,1042.64
573,armas,Condor Outdoor Espingarda de Pressão 6mm a Mola,2568.17
985,eletrodomesticos,Mondial Liquidificador 110V,4649.7
277,ferramentas,Vonder Jogo de Chaves com Maleta,1608.74
268,ferramentas,Dewalt Chave de Fenda 220V 110V,2119.98
890,porcelanato,"Cecafi Soleira de Granito 90x90cm Caixa com 2,20m²",158.89
817,porcelanato,Cristofoletti Piso Porcelanato Acabamento Fosco,117.46
175,moveis,Casatema Escrivaninha 3 Lugares,4001.55
538,armas,Rossi Coldre Tático Preto Fosco,2780.34
818,porcelanato,Roca Argamassa Colante 80x80cm 90x90cm,35.67
101,eletronicos,Sony Power Bank Tela 6.5 pol,699.79
975,eletrodomesticos,Midea Micro-ondas Inverter,91.16
170,moveis,Etna Mesa de Escritório com Espelho,4279.81
689,drogas,Importada Êxtase 5g,479.96
271,ferramentas,Bosch Solda Inversora com Maleta Profissional,199.75
304,ferramentas,Tramontina Nível a Laser 650W,1959.45
808,porcelanato,Incepa Argamassa Colante Tom Cinza,88.67
594,armas,QGK Coldre Tático CO2,2433.62
885,porcelanato,Eliane Porcelanato Polido Tom Cinza 80x80cm,178.22
